episode_id,episode_name,t0,shock_type,variable,sector,frequency,pre_value,trough_value,trough_date,recovery_value,recovery_date,months_to_trough,months_to_recovery,benchmark_definition,source_id,source_quality,basis,method_break,status,interpretation,falsifier,notes
E0,Crisis de convertibilidad / default / salida / reordenamiento financiero,MULTIPLE_2001-12_TO_2002-06,OTHER,episode_source_map,CROSS_SECTOR,EPISODE,N/D,N/D,N/D,N/D,N/D,N/D,N/D,announcement norm publication implementation and market onset remain separate,E0_PRIMARY_SOURCE_MAP_V107.md,PRIMARY_PARTIAL,17 preserved official sources inventoried in V107,YES_SPECIAL_FINANCIAL_REORDERING,PRIMARY_MAP_PARTIAL,Primary chronology and bank/credit/deposit carriers now exist; comparable net incidence is not reconstructed.,YES_AGAINST_SINGLE_T0_AND_SIMPLE_TRANSFER,Do not use E0 to validate a causal household-to-bank transfer.
E0,Crisis de convertibilidad / default / salida / reordenamiento financiero,MULTIPLE_2001-12_TO_2002-06,OTHER,real_system_deposits,BANKS,EPISODE,N/D,-42%,2002,N/D,N/D,N/D,N/D,real change from beginning of crisis to the trough reported by BCRA,e0_bcra_bef_1s2004,PRIMARY,BCRA BEF 1S 2004 summary table,YES_SPECIAL_FINANCIAL_REORDERING,PARTIAL_BANK_STRESS,System deposits fell 42% in real terms to the trough.,YES_BANKS_IMMEDIATELY_WIN,System deposits are not household-only deposits; exact date/index bridge remains pending.
E0,Crisis de convertibilidad / default / salida / reordenamiento financiero,MULTIPLE_2001-12_TO_2002-06,OTHER,real_consolidated_net_worth,BANKS,EPISODE,N/D,-37%,2003,N/D,N/D,N/D,N/D,real change over two years reported by BCRA,e0_bcra_bef_1s2004,PRIMARY,BCRA BEF 1S 2004 summary table,YES_SPECIAL_FINANCIAL_REORDERING,PARTIAL_BANK_STRESS,Consolidated bank net worth fell 37% in real terms over two years.,YES_BANKS_IMMEDIATELY_WIN,Aggregate loss does not imply equal incidence across entities or identify the final payer.
E0,Crisis de convertibilidad / default / salida / reordenamiento financiero,MULTIPLE_2001-12_TO_2002-06,OTHER,total_irregular_financing,RISK,MONTHLY,12.545961%,21.770759%,2002-10,17.789776%,2003-12,N/D,N/D,situations 3 to 6 / total financing; within frozen workbook vintage,hist_bcra_baldethis,PRIMARY,BCRA historical detail workbook; 31 available monthly observations,YES_MISSING_2002_01_TO_2002_05,PARTIAL_NORMALIZATION,Observed irregularity peaks in October 2002 and remains 5.243815 pp above December 2001 at end-2003.,YES_FAST_FULL_RISK_RECOVERY,The peak is observed rather than proven for the five-month publication gap.
E0,Crisis de convertibilidad / default / salida / reordenamiento financiero,MULTIPLE_2001-12_TO_2002-06,OTHER,private_irregular_financing,RISK,MONTHLY,18.035634%,40.285006%,2002-10,30.777864%,2003-12,N/D,N/D,situations 3 to 6 / private nonfinancial and residents-abroad financing; within frozen workbook vintage,hist_bcra_baldethis,PRIMARY,BCRA historical detail workbook; 31 available monthly observations,YES_MISSING_2002_01_TO_2002_05,PARTIAL_NORMALIZATION,Observed private irregularity peaks in October 2002 and remains 12.742230 pp above December 2001 at end-2003.,YES_UNIFORM_PORTFOLIO_RESPONSE,Private-credit stress is materially larger than the total-financing clock.
E0,Crisis de convertibilidad / default / salida / reordenamiento financiero,MULTIPLE_2001-12_TO_2002-06,OTHER,provisions_over_irregular_portfolio,BANKS,ANNUAL,66.4%,73.8%,2002,79.2%,2003,N/D,N/D,provisions / irregular portfolio; later-report annual vintage,e0_bcra_informe_bancos_oct_2004_risk,PRIMARY,BCRA Informe sobre Bancos October 2004 statistical annex,YES_PUBLICATION_VINTAGE,BUFFER_IMPROVED,Provision coverage rises throughout 2001–2003 despite elevated irregularity.,YES_BUFFERS_ONLY_FOLLOW_FINAL_MORA,This is a stock coverage ratio and not the bad-debt charge flow.
E0,Crisis de convertibilidad / default / salida / reordenamiento financiero,MULTIPLE_2001-12_TO_2002-06,OTHER,net_irregular_exposure_to_net_worth,BANKS,ANNUAL,21.6%,17.2%,2002,11.9%,2003,N/D,N/D,irregular portfolio net of provisions / net worth; later-report annual vintage,e0_bcra_informe_bancos_oct_2004_risk,PRIMARY,BCRA Informe sobre Bancos October 2004 statistical annex,YES_PUBLICATION_VINTAGE,NET_EXPOSURE_IMPROVED,Residual credit-risk exposure relative to net worth falls by 9.7 pp between 2001 and 2003.,YES_IRREGULARITY_EQUALS_UNBUFFERED_CAPITAL_LOSS,The net-exposure clock improves while gross irregularity remains elevated.
E0,Crisis de convertibilidad / default / salida / reordenamiento financiero,MULTIPLE_2001-12_TO_2002-06,OTHER,bad_debt_charges_over_net_assets,BANKS,ANNUAL,-2.6%,-4.7%,2002,-1.1%,2003,N/D,N/D,bad-debt charges / net assets; negative result contribution,e0_bcra_informe_bancos_oct_2004_risk,PRIMARY,BCRA Informe sobre Bancos October 2004 statistical annex,YES_RESULT_CURRENCY_REGIME,LOSS_FLOW_RECOVERED,The loss flow is most adverse in 2002 and becomes smaller than its 2001 magnitude in 2003.,YES_PROVISION_STOCK_EQUALS_LOSS_FLOW,Keep result flow separate from provision balance and coverage.
E0,Crisis de convertibilidad / default / salida / reordenamiento financiero,MULTIPLE_2001-12_TO_2002-06,OTHER,liquid_assets_over_deposits,BANKS,ANNUAL,19.568750%,22.850362%,2002,29.138268%,2003,N/D,N/D,liquid assets / total deposits calculated from source stocks,e0_bcra_informe_bancos_oct_2004_risk,PRIMARY_DERIVED,Exact calculation from BCRA Informe sobre Bancos October 2004 stocks,YES_ACCOUNTING_DEFINITION,ACCOUNTING_LIQUIDITY_IMPROVED,The accounting liquidity coefficient rises by 9.569518 pp between 2001 and 2003.,YES_LIQUIDITY_EQUALS_MARKET_FUNDING_ACCESS,The coefficient does not identify stress-market funding access or entity heterogeneity.
E0,Crisis de convertibilidad / default / salida / reordenamiento financiero,MULTIPLE_2001-12_TO_2002-06,OTHER,accounting_net_worth_over_net_assets,BANKS,ANNUAL,14.947178%,14.073459%,2002,11.905343%,2003,N/D,N/D,net worth / net assets calculated from source stocks; descriptive proxy only,e0_bcra_informe_bancos_oct_2004_risk,PRIMARY_DERIVED,Exact calculation from BCRA Informe sobre Bancos October 2004 stocks,YES_NOT_REGULATORY_CAPITAL,CAPITALIZATION_PROXY_DECLINED,The accounting proxy declines by 3.041834 pp between 2001 and 2003.,YES_ACCOUNTING_PROXY_EQUALS_REGULATORY_ADEQUACY,Do not relabel this ratio as capital integration or regulatory adequacy.
E0,Crisis de convertibilidad / default / salida / reordenamiento financiero,MULTIPLE_2001-12_TO_2002-06,OTHER,bank_results_and_recovery,BANKS,ANNUAL,N/D,RECORD_LOSSES,2002,SLIGHT_LATE_GAINS,2003,N/D,N/D,official qualitative result/recovery description,e0_bcra_bef_1s2004,PRIMARY,BCRA BEF 1S 2004 narrative,YES_SPECIAL_FINANCIAL_REORDERING,PARTIAL_RECOVERY,2002 records exceptional losses; 2003 shows a partial recovery and slight gains only late in the year.,YES_IMMEDIATE_NET_BANK_GAIN,Capital injections and debt swaps are part of recovery and must not be counted twice.
E0,Crisis de convertibilidad / default / salida / reordenamiento financiero,2002-05-31,DOMESTIC_POLICY_SHOCK,compensation_instruments,STATE_BCRA,EVENT,N/D,LEGAL_DESIGN,2002-06-01,N/D,N/D,0,N/D,mechanism-level authorization and instruments,E0_FISCAL_MECHANISM_LEDGER_V131.csv,PRIMARY,Decree 905/2002 plus CGN ONP and BCRA phase reconciliation,YES_SPECIAL_FINANCIAL_REORDERING,FISCAL_PHASE_LEDGER_PARTIAL,Authorization formula stocks accounting entries holdings and receivables are separated; final cash realization remains open.,YES_COMPENSATION_EQUALS_NET_GAIN,Legal recipient is not equivalent to ultimate beneficiary or net gain.
E0,Crisis de convertibilidad / default / salida / reordenamiento financiero,MULTIPLE_2001-12_TO_2002-06,OTHER,compensatory_debt_stock_updated,STATE_BCRA,ANNUAL_STOCK,N/D,22035.916m_ARS,2002-12,17348.345m_ARS,2003-12,N/D,N/D,official issued-and-placed stock by purpose; updated ARS value at each close,e0_cgn_cuenta_inversion_2002_tomo_i+e0_onp_boletin_fiscal_2003q4_cuadro37_boden,PRIMARY,CGN 2002 and ONP 2003Q4 purpose tables,YES_STOCK_VALUATION_AND_INSTRUMENT_COMPOSITION,STOCK_NOT_RECOVERY_CLOCK,Compensatory debt stock is separately observed at both closes.,YES_SINGLE_BAILOUT_TOTAL,The decline is not a payment flow and cannot be interpreted without issuance amortization redemption valuation and correction records.
E0,Crisis de convertibilidad / default / salida / reordenamiento financiero,MULTIPLE_2001-12_TO_2002-06,OTHER,coverage_debt_stock_updated,STATE_BCRA,ANNUAL_STOCK,N/D,8120.833m_ARS,2002-12,6879.649m_ARS,2003-12,N/D,N/D,official issued-and-placed stock by purpose; updated ARS value at each close,e0_cgn_cuenta_inversion_2002_tomo_i+e0_onp_boletin_fiscal_2003q4_cuadro37_boden,PRIMARY,CGN 2002 and ONP 2003Q4 purpose tables,YES_STOCK_VALUATION_AND_SUBSCRIPTION_MECHANICS,STOCK_NOT_RECOVERY_CLOCK,FX coverage debt stock is separated from peso compensation.,YES_COVERAGE_EQUALS_FREE_TRANSFER,Coverage may involve exchange subscription and BCRA financing; stock is not net benefit.
E0,Crisis de convertibilidad / default / salida / reordenamiento financiero,MULTIPLE_2001-12_TO_2002-06,OTHER,administration_central_compensation_accounting_entries,STATE_BCRA,ANNUAL_ACCOUNTING,N/D,16183.54426211m_ARS,2002,3923.73653360m_ARS,2003,N/D,N/D,compatibilization of budgetary and accounting records; not a cash series,e0_cgn_cuenta_inversion_2002_tomo_i+e0_cgn_cuenta_inversion_2003_tomo_i,PRIMARY,CGN transfers-granted reconciliation rows,YES_ACCOUNTING_RECOGNITION_AND_POSSIBLE_STOCK_OVERLAP,ACCOUNTING_RECOGNITION_NOT_CASH,Year-specific accounting entries are frozen separately from issuer stocks.,YES_SUM_AS_REALIZED_CASH,The 2003 value sums the generic line and two named notes only as a documentary control.
E0,Crisis de convertibilidad / default / salida / reordenamiento financiero,MULTIPLE_2001-12_TO_2002-06,OTHER,bank_compensation_receivable,STATE_BCRA,POINT_IN_TIME,N/D,N/D,N/D,14573m_ARS_equivalent,2003-12,N/D,N/D,financial-system compensation receivable inside public-sector exposure,e0_bcra_bef_1s2004,PRIMARY,BCRA BEF table IV.1,YES_RECEIVABLE_NOT_DELIVERY,FINAL_AMOUNT_PENDING_VALIDATION,The system recognized ARS 14.573bn equivalent as compensation receivable at end-2003.,YES_RECEIVABLE_EQUALS_PAYMENT,BCRA separately states that definitive compensation and assets to receive remained pending.
E0,Crisis de convertibilidad / default / salida / reordenamiento financiero,2001-05_BENCHMARK_NOT_CAUSAL_T0,OTHER,employment_rate,HOUSEHOLDS,PUNCTUAL_WAVE,35.8%,32.8%,2002-05,36.2%,2003-05,12,24,EPH punctual total agglomerates; May 2001 benchmark,E0_SOCIAL_CLOCKS_V108.csv,PRIMARY,INDEC EPH punctual historical workbook,YES_COVERAGE_CHANGES_2002_10_AND_2003_05,WITHIN_REGIME_RECOVERY,Employment recovered above the May 2001 benchmark by May 2003.,YES_SINGLE_WELFARE_CLOCK,October 2002 adds three agglomerates and May 2003 excludes Gran Santa Fe.
E0,Crisis de convertibilidad / default / salida / reordenamiento financiero,2001-05_BENCHMARK_NOT_CAUSAL_T0,OTHER,unemployment_rate,HOUSEHOLDS,PUNCTUAL_WAVE,16.4%,21.5%,2002-05,15.6%,2003-05,12,24,EPH punctual total agglomerates; lower is recovery,E0_SOCIAL_CLOCKS_V108.csv,PRIMARY,INDEC EPH punctual historical workbook,YES_COVERAGE_CHANGES_2002_10_AND_2003_05,WITHIN_REGIME_RECOVERY,Unemployment peaked in May 2002 and was below May 2001 by May 2003.,YES_SINGLE_WELFARE_CLOCK,Labor-market recovery does not imply poverty or income recovery.
E0,Crisis de convertibilidad / default / salida / reordenamiento financiero,2001-05_BENCHMARK_NOT_CAUSAL_T0,OTHER,poverty_persons,HOUSEHOLDS,PUNCTUAL_WAVE,35.9%,57.5%,2002-10,54.7%,2003-05,17,N/D,historical LP method; persons total agglomerates,E0_SOCIAL_CLOCKS_V108.csv,PRIMARY,INDEC poverty punctual historical workbook,YES_POVERTY_METHOD_AND_COVERAGE_BREAKS,NOT_RECOVERED_BY_END,Poverty remained 18.8 percentage points above May 2001 in May 2003.,YES_LABOR_RECOVERY_EQUALS_SOCIAL_RECOVERY,Do not compare level as method-identical with the 2016+ regime.
E0,Crisis de convertibilidad / default / salida / reordenamiento financiero,2001-05_BENCHMARK_NOT_CAUSAL_T0,OTHER,indigence_persons,HOUSEHOLDS,PUNCTUAL_WAVE,11.6%,27.5%,2002-10,26.3%,2003-05,17,N/D,historical LI method; persons total agglomerates,E0_SOCIAL_CLOCKS_V108.csv,PRIMARY,INDEC poverty punctual historical workbook,YES_POVERTY_METHOD_AND_COVERAGE_BREAKS,NOT_RECOVERED_BY_END,Indigence remained 14.7 percentage points above May 2001 in May 2003.,YES_LABOR_RECOVERY_EQUALS_SOCIAL_RECOVERY,Do not compare level as method-identical with the 2016+ regime.
E0,Crisis de convertibilidad / default / salida / reordenamiento financiero,2001-12_BENCHMARK_NOT_CAUSAL_T0,OTHER,real_RIPTE_stable_registered,HOUSEHOLDS,MONTHLY,100,70.730514,2003-04,100.476721,2006-12,16,60,RIPTE deflated by IPC-GBA; December 2001=100,E0_REAL_RIPTE_MONTHLY_V108.csv,PRIMARY_DERIVED,Official RIPTE numerator and official IPC-GBA denominator,YES_POPULATION_AND_GEOGRAPHIC_SCOPE,RECOVERED_2006_12,Real registered-stable wages first regain the December 2001 benchmark in December 2006.,YES_QUICK_INCOME_RECOVERY,This is not an all-worker or all-household income clock.
E0,Crisis de convertibilidad / default / salida / reordenamiento financiero,2001-11_SENSITIVITY_NOT_CAUSAL_T0,OTHER,real_RIPTE_stable_registered_sensitivity,HOUSEHOLDS,MONTHLY,100,70.355180,2003-04,99.943539,2006-12,17,N/D,RIPTE deflated by IPC-GBA; November 2001=100,E0_REAL_RIPTE_MONTHLY_V108.csv,PRIMARY_DERIVED,One-month benchmark sensitivity,YES_POPULATION_AND_GEOGRAPHIC_SCOPE,NOT_RECOVERED_BY_2006_12,A one-month baseline shift changes the end-2006 recovery verdict.,YES_BASELINE_INVARIANCE,Use the sensitivity as a falsifier against a knife-edge recovery claim.
E0,Crisis de convertibilidad / default / salida / reordenamiento financiero,2003-S1,OTHER,poverty_persons_continuous,HOUSEHOLDS,SEMIANNUAL,54.0%,54.0%,2003-S1,47.8%,2003-S2,0,N/D,EPH continuous historical-method vintage; separate regime,E0_SOCIAL_CLOCKS_V108.csv,PRIMARY,INDEC poverty continuous workbook,YES_EPH_PUNCTUAL_TO_CONTINUOUS,SEPARATE_REGIME_IMPROVEMENT,Poverty declines within the continuous 2003 block but is not spliced to May 2003.,YES_MECHANICAL_SPLICE,The overlap documents a method/fieldwork transition rather than an exact bridge.
E1,Crisis financiera global 2008–2009,2008,GLOBAL_FINANCIAL_SHOCK,immediate_household_drawdown,HOUSEHOLDS,EPISODE,N/D,NO_ROBUST_IMMEDIATE_DRAWDOWN,2008,N/D,N/D,N/D,N/D,same immediate household onset required by universal-cycle claim,MATRIZ_SIGNO_INCIDENCIA_2002_2026_V41.csv,SUPPORTED,Inherited V31/V41 episode control,NO,FALSIFIER,No robust immediate and deep household drawdown under the inherited specifications.,YES_UNIVERSAL_CYCLE,External-shock control; do not relabel as supporting evidence without a new treatment definition.
E2,Devaluación y aceleración 2014,2014-01,DOMESTIC_POLICY_SHOCK,real_income_drawdown,HOUSEHOLDS,MONTHLY,N/D,DETERIORATION,2014-01,PARTIAL_RECOVERY_CENSORED,N/D,0,N/D,pre-shock real-income level,EVIDENCE_LEDGER_CICLO_AJUSTE_V51.csv,SUPPORTED,Inherited multi-series synthesis,NO,PARTIAL_MATCH,Household real income falls rapidly; exact common recovery clock remains unresolved.,NO,Outcome must remain separated between registered and broad income.
E2,Devaluación y aceleración 2014,2014-01,DOMESTIC_POLICY_SHOCK,mora_first_sustained,RISK,MONTHLY,N/D,N/D,2014-02,N/D,N/D,1,N/D,first sustained family-mora increase after t0,LEAD_LAG_AUDIT_V45.csv,SUPPORTED,BCRA historical mora sequence,NO,PARTIAL_MATCH,"Household shock precedes sustained family-mora rise by about one month, but later links are not a clean linear chain.",NO,+0.3pp threshold occurs 2014-04; +0.5pp in 2014-07.
E2,Devaluación y aceleración 2014,2014-01,DOMESTIC_POLICY_SHOCK,abnormal_ROA_gap,BANKS,MULTI_WINDOW,pre-episode comparable benchmarks,N/D,N/D,+0.8 to +1.9 pp,2014,N/D,N/D,"Q2, YTD and rolling-12m benchmarks",EPISODE_ABNORMAL_VERDICTS_V49.csv,SUPPORTED,BCRA system profitability; multiple benchmarks,NO,MIXED,Positive abnormal direction is robust descriptively; pretrend exists and causal attribution is not established.,NO,"Annual component bridge is securities-led, not FX-led."
E2,Devaluación y aceleración 2014,2014-01,DOMESTIC_POLICY_SHOCK,net_irregular_private_credit_exposure_to_PN,BANKS,SEMIANNUAL,-3.5%,-2.9%,2014-06,-2.9%,2014-12,5,N/D,irregular private portfolio net of provisions / net worth,BANK_NET_EXPOSURE_TO_PN_V44.csv,EXACT,BCRA historical solidity tables,NO,PARTIAL_MATCH,Credit-risk exposure remains negative and far from buffer saturation despite stress.,YES_BANKS_NOT_ALWAYS_GAINING,"This measures solvency absorption, not profits or all risks."
E2,A5590 — topes a tasas,2014-06-10,DOMESTIC_POLICY_SHOCK,credit_rate_cap,STATE_BCRA,EVENT,N/D,HOUSEHOLD_PROTECTION,2014-06-10,N/D,N/D,0,N/D,declared regulatory incidence,MATRIZ_SIGNO_INCIDENCIA_2002_2026_V41.csv,PRIMARY,Official BCRA regulation/source pointer,NO,MIXED,The measure protects targeted borrowers and constrains bank pricing.,YES_UNIVERSAL_PRO_BANK_REGULATION,Regulatory sign is not universally pro-bank.
E3,Laboratorio regulatorio 2015–2016,N/D,OTHER,A5853_rate_cap_removal,STATE_BCRA,EVENT,HOUSEHOLD_CAP_PROTECTION,PROTECTION_REMOVED,2015-12-17,BANK_PRICING_FREEDOM,2015-12-17,0,0,declared regulatory incidence,MATRIZ_SIGNO_INCIDENCIA_2002_2026_V41.csv,PRIMARY,Official BCRA regulation/source pointer,NO,MIXED,Rate liberalization has the opposite sign from A5590/A5928.,NO,Control of policy-sign heterogeneity; not treated as a main shock episode.
E3,Laboratorio regulatorio 2015–2016,N/D,OTHER,A5928_debtor_insurance,STATE_BCRA,EVENT,USER_PAID_INSURANCE,BANK_COST_OR_SELF_INSURANCE,2016-09-01,LOWER_USER_CFT_COMPONENT,2016-09-01,0,0,mechanical incidence on insurance cost/risk,MAPA_HIPOTESIS_POST_FALSADORES_V41.csv,SUPPORTED,BCRA rule plus matched-product/disclosure work V34–V40,NO,MIXED,Cost/risk shifts away from the borrower; systemic net-profit effect remains N/D.,YES_UNIVERSAL_PRO_BANK_REGULATION,Strong positive falsification control against a one-sign institutional narrative.
E4,Crisis cambiaria / FMI / tasas 2018–2019,2018-05,MIXED,use_of_savings,HOUSEHOLDS,SEMIANNUAL,27.6%,30.2%,2018-2S,N/D,N/D,6,N/D,EPH maintenance-strategy incidence,MATRIZ_V22_AMORTIGUADORES_2018_2024.csv,EXACT,Observed EPH total-household percentages,NO,PARTIAL_MATCH,Dissaving rises through 2018 but remains below the 2024 peak.,NO,1S and 2S values are 27.6% and 30.2%.
E4,Crisis cambiaria / FMI / tasas 2018–2019,2018-05,MIXED,bank_finance_loans_strategy,HOUSEHOLDS,SEMIANNUAL,13.7%,13.2%,2018-2S,N/D,N/D,6,N/D,EPH maintenance-strategy incidence,MATRIZ_V22_AMORTIGUADORES_2018_2024.csv,EXACT,Observed EPH total-household percentages,NO,MIXED,Declared use of bank/financial loans does not rise between the two 2018 halves.,YES_SIMPLE_IMMEDIATE_CREDIT_BRIDGE,Extensive-margin strategy is not the same as credit stock or originations.
E4,Crisis cambiaria / FMI / tasas 2018–2019,2018-05,MIXED,mora_first_sustained,RISK,MONTHLY,N/D,N/D,2018-01,N/D,N/D,-4,N/D,first sustained mora movement relative to May t0,LEAD_LAG_AUDIT_V45.csv,SUPPORTED,BCRA mora sequence,YES_NIIF_2018,FAILS_ONSET,Mora trend starts about four months before the chosen household t0.,YES_CLEAN_SHOCK_TO_MORA_SEQUENCE,Later +0.3/+0.5pp thresholds do not repair the failed first link.
E4,Crisis cambiaria / FMI / tasas 2018–2019,2018-05,MIXED,abnormal_ROA_gap,BANKS,MULTI_WINDOW,pre-episode comparable benchmarks,N/D,N/D,+0.4 to +1.1 pp,2018,N/D,N/D,"H1, 10m, 11m and FY benchmarks",EPISODE_ABNORMAL_VERDICTS_V49.csv,SUPPORTED,BCRA system profitability; NIIF-sensitive vintages,YES_NIIF_2018,MIXED,Direction is robust but pretrend is strong and magnitude is accounting-sensitive.,NO,Not causal; May is FX-heavy while H1 is multicomponent.
E4,Crisis cambiaria / FMI / tasas 2018–2019,2018-05,MIXED,net_irregular_private_credit_exposure_to_PN,BANKS,MONTHLY,N/D,1.3%,2018-11,1.6%,2018-12,N/D,N/D,irregular private portfolio net of provisions / net worth,BANK_NET_EXPOSURE_TO_PN_V44.csv,EXACT,BCRA 2018 NIIF regime,YES_NIIF_2018,PARTIAL_MATCH,Residual credit-risk exposure remains low relative to net worth.,YES_BUFFER_SATURATION,End-2017 comparison is not clean because NIIF lifted net worth.
E5,Pandemia COVID-19,2020-03,HEALTH_EXCEPTION,special_regime,CROSS_SECTOR,EPISODE,N/D,N/D,N/D,N/D,N/D,N/D,N/D,forbearance and accounting regime must be modeled explicitly,MATRIZ_SIGNO_INCIDENCIA_2002_2026_V41.csv,SUPPORTED,Inherited methodological classification,YES_FORBEARANCE_ACCOUNTING_BREAK,SPECIAL_REGIME,"Health shock, exceptional transfers and classification changes prevent simple pooling.",YES_SIMPLE_CROSS_EPISODE_COMPARABILITY,Only comparable under an explicit special-regime analysis.
E6,Shock diciembre 2023 y recuperación / deuda / mora,2023-12,DOMESTIC_POLICY_SHOCK,use_of_savings,HOUSEHOLDS,SEMIANNUAL,35.3%,40.1%,2024-1S,38.9%,2024-2S,6,12,EPH maintenance-strategy incidence,MATRIZ_V21_AMORTIGUADORES_2023_2025.csv,EXACT,Observed EPH percentages,NO,PARTIAL_MATCH,Dissaving peaks in the initial trough and remains high during recovery.,NO,1S24 is the maximum in the inherited 2016–2025 comparison.
E6,Shock diciembre 2023 y recuperación / deuda / mora,2023-12,DOMESTIC_POLICY_SHOCK,bank_finance_loans_strategy,HOUSEHOLDS,SEMIANNUAL,12.3%,11.9%,2024-1S,14.2%,2025-1S,6,18,EPH maintenance-strategy incidence,MATRIZ_V21_AMORTIGUADORES_2023_2025.csv,EXACT,Observed EPH percentages,NO,PARTIAL_MATCH,Bank/financial-loan use does not lead the initial trough; it rises later.,YES_CREDIT_AS_INITIAL_MAIN_BUFFER,"Consistent with a late credit bridge, not causal proof."
E6,Shock diciembre 2023 y recuperación / deuda / mora,2023-12,DOMESTIC_POLICY_SHOCK,registered_real_wage_index,HOUSEHOLDS,MONTHLY,100,84.47,2024-01,91.78,2026-06,1,N/D,Nov-2023=100,MATRIZ_V21_AMORTIGUADORES_2023_2025.csv,SUPPORTED,Inherited registered-wage series,NO,PARTIAL_MATCH,Registered wages do not recover the benchmark by Jun-2026.,NO,Keep separate from broad total-wage series.
E6,Shock diciembre 2023 y recuperación / deuda / mora,2023-12,DOMESTIC_POLICY_SHOCK,broad_real_wage_index,HOUSEHOLDS,MONTHLY,100,83.25,2024-03,101.17,2025-05,3,17,Nov-2023=100,MATRIZ_V21_AMORTIGUADORES_2023_2025.csv,PARTIAL,Heterogeneous broad-wage sources,YES_HETEROGENEOUS_SOURCES,PARTIAL_MATCH,Broad wages recover while registered wages do not under the inherited bases.,NO,Methodological heterogeneity prevents collapsing both clocks.
E6,Shock diciembre 2023 y recuperación / deuda / mora,2023-12,DOMESTIC_POLICY_SHOCK,poverty_persons,HOUSEHOLDS,SEMIANNUAL,41.7%,52.9%,2024-1S,38.1%,2024-2S,6,12,INDEC persons below poverty line,MATRIZ_V21_AMORTIGUADORES_2023_2025.csv,EXACT,Observed official poverty rates,NO,PARTIAL_MATCH,Poverty worsens sharply and then recovers before registered wages.,YES_SINGLE_HOUSEHOLD_RECOVERY_CLOCK,Social recovery is multidimensional.
E6,Shock diciembre 2023 y recuperación / deuda / mora,2023-12,DOMESTIC_POLICY_SHOCK,debt_service_to_formal_wage_bill,CREDIT,QUARTERLY,9.4%,9.0%,2024-Q1,18.7%,2025-03,3,15,BCRA household debt service / formal wage bill,MATRIZ_PUENTE_CONSUMO_DEUDA_2023_2026.csv,EXACT,BCRA burden series,NO,PARTIAL_MATCH,Debt service roughly doubles during the recovery/credit-deepening phase.,NO,Financial residue is not a one-to-one measure of household loss.
E6,Shock diciembre 2023 y recuperación / deuda / mora,2023-12,DOMESTIC_POLICY_SHOCK,household_bank_irregularity,RISK,MONTHLY,N/D,EARLY_SMALL_SIGNAL,2024-03,12.8%,2026-06,3,30,first sustained and material-threshold sequence,LEAD_LAG_AUDIT_V45.csv,SUPPORTED,BCRA household irregularity,NO,PARTIAL_MATCH,Small deterioration appears after t0; material acceleration occurs around Feb-2025 and reaches 12.8% by Jun-2026.,NO,"Separate household, personal-bank and PNFC portfolios."
E6,Shock diciembre 2023 y recuperación / deuda / mora,2023-12,DOMESTIC_POLICY_SHOCK,provision_response,BANKS,MONTHLY,90.4% adjusted coverage,113.2% adjusted coverage,2023-12,N/D,N/D,0,N/D,adjusted provisions / irregular portfolio,LEAD_LAG_AUDIT_V45.csv,SUPPORTED,BCRA provisioning sequence,NO,FAILS_MORA_LINK,"Provisions respond immediately, well before material mora acceleration.",YES_MORA_ALWAYS_PRECEDES_PROVISIONS,Expected-loss accounting means observed mora is not the only clock.
E6,Shock diciembre 2023 y recuperación / deuda / mora,2023-12,DOMESTIC_POLICY_SHOCK,abnormal_ROA_gap,BANKS,QUARTERLY,Q3-2023 / Q4-2022 benchmarks,N/D,N/D,+8.7 to +9.0 pp,2023-Q4,N/D,N/D,Q4 annualized ROA gap,EPISODE_ABNORMAL_VERDICTS_V49.csv,SUPPORTED,BCRA homogeneous-currency quarterly accounting,NO,MIXED,Q4 is extraordinary in accounting terms but contains Oct-Nov and has a very strong pretrend.,YES_POST_DEC_CAUSAL_ATTRIBUTION,Do not relabel Q4 as a clean post-10-Dec treatment window.
E0,Crisis de convertibilidad / default / salida / reordenamiento financiero,2004-12_TO_2006-12,OTHER,fiscal_compensation_net_issuance,STATE_BCRA,ANNUAL,2004_ADMIN_NARRATIVE_NEAR_FINAL,2005_ARP77_CERCVS_PLUS_ARP2081_COMP_USD_MINUS35.8_COMP_PLUS_USD2001_COVERAGE,2005,2006_ARP11.9_CERCVS_PLUS_ARP21.3_COMP_USD_MINUS32.4_COMP_PLUS_USD1007_COVERAGE,2006,N/D,N/D,net original nominal issuance by purpose and currency; no cross-currency sum,E0_FISCAL_TRANSACTION_LEDGER_2004_2006_V131.csv,PRIMARY,CGN Anexo J 2005-2006,YES_NET_OF_PRIOR_PLACEMENT_ADJUSTMENTS,FISCAL_NET_ISSUANCE_IDENTIFIED,Later issues and corrections refute a hard 2004 closure date.,YES_ADMINISTRATIVE_FINALIZATION_EQUALS_TRANSACTIONAL_CLOSURE,Negative USD issuance is preserved as correction; coverage remains a subscription leg.
E0,Crisis de convertibilidad / default / salida / reordenamiento financiero,2005-12_TO_2006-12,OTHER,bank_specific_budget_transfer_accrual,STATE_BCRA,ANNUAL,3300.29m_ARS,510.10m_ARS,2006,N/D,N/D,12,N/D,current transfers to financial entities in CGN budget execution,E0_FISCAL_TRANSACTION_LEDGER_2004_2006_V131.csv,PRIMARY,CGN Cuenta 2005 p.118 and Cuenta 2006 p.142,YES_DEVENGADO_NOT_CASH,BANK_SPECIFIC_BUDGET_ACCRUAL_IDENTIFIED,The bank-specific transfer accrual falls sharply in 2006.,YES_BROAD_ONP_BUCKET_EQUALS_BANK_ONLY_TRANSFER,Do not add to debt issue placement or stock measures.
E0,Crisis de convertibilidad / default / salida / reordenamiento financiero,YEAR_END_2003_TO_2006,OTHER,compensation_related_debt_stock,STATE_BCRA,ANNUAL,24227.994m_ARS,21038.981m_ARS,2006-12,N/D,N/D,36,N/D,compensatory plus coverage updated debt stock at each year-end,E0_FISCAL_STOCK_FLOW_BRIDGE_V131.csv,PRIMARY_DERIVED,Exact sum within official purpose tables,YES_STOCK_NOT_FLOW,PURPOSE_STOCK_BRIDGE_EXTENDED,The combined updated stock declines overall while coverage rises in 2005-2006.,YES_STOCK_DELTA_EQUALS_CASH,Purpose stocks embed service valuation new issues and corrections.
E0,Crisis de convertibilidad / default / salida / reordenamiento financiero,2007_TO_2012,OTHER,boden_2012_series_principal_service,STATE_BCRA,ANNUAL,10898.2912375m_USD_UPDATED_AT_2007_CLOSE,0,2012-12,N/A_MATURED,2012-12,60,N/A,annual modified-opening plus increments minus principal reduction equals closing balance,E0_FISCAL_BODEN_SERVICE_BRIDGE_2007_2012_V131.csv,PRIMARY_DERIVED,CGN detailed debt movement tables 2007-2012,YES_SERIES_NOT_PURPOSE,SERIES_MATURITY_RECONCILED,BODEN 2012 service is arithmetically bridged to zero at maturity.,YES_ALL_SERVICE_EQUALS_BANK_COMPENSATION,"Cumulative 2007-2012 principal reduction is USD 13,285.8062125m updated nominal; holder-purpose allocation remains open."
E0,Crisis de convertibilidad / default / salida / reordenamiento financiero,2007_TO_2009,OTHER,post_2006_purpose_adjustments,STATE_BCRA,ANNUAL,2007_COMP_ARP_MINUS39.9_USD_MINUS3.3_COVERAGE_USD_PLUS110.2,2008_DEPOSITOR_USD_MINUS6.6_MINUS2.9_COVERAGE_MINUS0.0179_COMP_PLUS1.9,2008,2009_COMP_BCRA_REVIEW_MINUS25_COVERAGE_PLUS61,2009,12,24,purpose-specific nominal issues and corrections by currency,E0_FISCAL_TRANSACTION_LEDGER_2007_2012_V131.csv,PRIMARY,CGN Anexo J 2007-2009,YES_CORRECTIONS_NOT_SERVICE,PURPOSE_ADJUSTMENTS_IDENTIFIED,Corrections and residual coverage issuance continued through 2009.,YES_PROGRAM_HARD_CLOSED_2006,No cross-currency total and no negative amount reset to zero.
E0,Crisis de convertibilidad / default / salida / reordenamiento financiero,2008_TO_2009,OTHER,holder_controls,STATE_BCRA,ANNUAL,PRIVATE_54.8PCT_OF_ALL_DEBT_2008,FGS_DUPLICATE_PF_BODEN2012_USD60M_AT_2009H1,2009-06,REGULARIZED_AT_2009_CLOSE,2009-12,6,12,aggregate creditor distribution plus audited public-holder exception,e0_agn_res_202_2009_act_41_2009_deuda;e0_agn_res_102_2011_act_366_2009_fgs,PRIMARY_AUDIT,AGN Res. 202/2009 and 102/2011,YES_AGGREGATE_AND_PUBLIC_HOLDER_NOT_PURPOSE,INDEPENDENT_HOLDER_CONTROLS_PARTIAL,Independent audit evidence exists but does not supply a bank-by-bank compensation register.,YES_PRIVATE_SECTOR_EQUALS_BANKS,CRYL and entity-level delivery remain open.
E0,Crisis de convertibilidad / default / salida / reordenamiento financiero,2008-08-28_TO_2008-09-11,OTHER,boden_2012_public_buyback_tenders,STATE_BCRA,EVENT,DESERTED_2008-08-28,VNO_USD17.193M_AWARDED,2008-09-11,N/A,N/A,N/A,N/A,sum of accepted offer rows equals published awarded VNO and effective value,E0_FISCAL_BODEN_BUYBACK_AWARDS_2008_V131.csv,PRIMARY_DERIVED_EXACT,Three official tender result communiqués,YES_PARTICIPANT_NOT_ULTIMATE_HOLDER,PUBLIC_AWARDS_COUNTERPARTY_PARTIAL,Citibank and Standard Bank are identified as participants for a narrow public-buyback component.,YES_PARTICIPANT_EQUALS_FINAL_BENEFICIARY,Cumulative awards: VNO USD 17.193m; effective USD 6.559535m; ARS 20.08840576m. Settlement confirmation remains open.
E0,Crisis de convertibilidad / default / salida / reordenamiento financiero,2008,OTHER,buyback_settlement_chain,STATE_BCRA,EVENT,MAE_OFFER,CAJA_DELIVERY_CONFIRMATION,T+3,BCRA_ACCOUNT_PAYMENT,T+3,N/A,N/A,normative MAE–ONCP–Caja–BCRA chain,E0_FISCAL_BUYBACK_SETTLEMENT_CHAIN_V131.csv,PRIMARY_NORMATIVE,RC 212/2008 and 24/2008,YES_PROCEDURE_NOT_EXECUTION,SETTLEMENT_ROUTE_MAPPED_EXECUTION_OPEN,The missing Caja and BCRA confirmations are now isolated as specific evidence gaps.,YES_AWARD_EQUALS_CASH,Actual settlement records were not recovered.
E0,Crisis de convertibilidad / default / salida / reordenamiento financiero,2009-06-10_TO_2009-06-18,OTHER,boden_2012_strip_and_residual_registration,STATE_BCRA,EVENT,PRIMARY_CALL_ISIN_ARARGE03G415,35_OFFERS_USD44.36779874M_EFFECTIVE,2009-06-12,20_ACCEPTED_USD33.69188924M_EFFECTIVE_VNO_USD265.7071M,2009-06-18_SCHEDULED,N/A,N/A,"primary call, exact result and all 35 annex rows with effective/underlying bases separated",e0_mecon_strip_boden2012_call_2009_06_10;e0_mecon_strip_boden2012_result_2009_06_12;E0_FISCAL_STRIP_BUYBACK_OFFERS_2009_V131.csv,PRIMARY_DERIVED_EXACT,Official archived Finance call and result annex,YES_STRIP_EFFECTIVE_NOT_VNO_PARTICIPANT_NOT_HOLDER_SETTLEMENT_OPEN,STRIP_PRIMARY_RESULT_EXACT_PARTICIPANTS_MAPPED_SETTLEMENT_OPEN,"The official annex closes offer, award and participant arithmetic while leaving final holders and cash settlement open.",YES_AWARD_OR_PARTICIPANT_EQUALS_SETTLED_CASH_OR_FINAL_HOLDER,"35 offers; 20 accepted; seven participants; Caja 0306/40000; payment scheduled 18 June 2009, not independently confirmed."
E0,Crisis de convertibilidad / default / salida / reordenamiento financiero,2008-08-11_TO_2008-08-22,OTHER,bna_first_stage_mixed_buybacks,STATE_BCRA,EVENT,BNA_AGENT_MANDATE,APPROX_USD380M_MIXED_PURCHASES_TWO_WEEKS,2008-08-22,INSTRUMENT_AND_COUNTERPARTY_SPLIT_OPEN,N/D,N/A,N/A,official first-stage mandate and program aggregate,e0_argentina_recompra_primera_etapa_2008_08_11;e0_argentina_recompra_segunda_semana_2008_08_22,PRIMARY_AGGREGATE,Official communiqués,YES_MIXED_PROGRAM_NOT_BODEN,FIRST_STAGE_AGGREGATE_BLOTTER_OPEN,"The first stage is now bounded by agent and approximate aggregate, not by instrument or counterparty.",YES_ALL_USD380M_EQUALS_BODEN2012,BNA memory 2008 does not provide the missing blotter.
E0,Crisis de convertibilidad / default / salida / reordenamiento financiero,2008-08-27_TO_2008-10-02,OTHER,four_official_archive_buyback_rounds,STATE_BCRA,EVENT,FOUR_NUMBERED_CALLS_AND_RESULTS_ARCHIVED,ARS550M_SUM_OF_ANNOUNCED_MAXIMA,2008-10-01,ARS135.60621486M_AWARDED_24.65567543PCT_OF_CEILINGS,2008-10-02,N/A,N/A,four official archive call/result pairs plus exact call schedules and award reconstruction,e0_argentina_finanzas_archive_recompras_voluntarias;E0_FISCAL_PUBLIC_BUYBACK_CALLS_2008_V131.csv;E0_FISCAL_PUBLIC_BUYBACK_AWARDS_2008_V131.csv,PRIMARY_ARCHIVE_CALLS_RESULTS_DERIVED_EXACT,"Official Finance archive, four call PDFs and four result PDFs",YES_CEILING_NOT_CASH_ACCOUNT_ROUTE_NOT_CONFIRMATION,FOUR_ARCHIVED_ROUNDS_CALLS_RESULTS_ACCOUNT_ROUTE_MAPPED,La serie pública queda cerrada en cuatro rondas y la ruta Caja/BCRA es exacta; faltan constancias post-liquidación.,YES_ARCHIVE_OR_ACCOUNT_ROUTE_EQUALS_CASH_SETTLEMENT,No se presume que el archivo excluya operaciones no publicadas ni que T+3 se haya cumplido.
E0,Crisis de convertibilidad / default / salida / reordenamiento financiero,2008,OTHER,treasury_buyback_budget_execution_aggregate,STATE_BCRA,ANNUAL,N/D,ARS981.36M_BUYBACK_OPERATIONS,2008,SPECIES_AND_COUNTERPARTY_OPEN,N/D,N/A,N/A,CGN executed short-term security acquisition paragraph,e0_cgn_cuenta_inversion_2008_comentarios,PRIMARY_ACCOUNTING_AGGREGATE,Cuenta de Inversión 2008,YES_NON_ADDITIVE_OVERLAP,EXECUTED_AGGREGATE_INSTRUMENT_OPEN,The budget carrier creates an executed aggregate control but no BODEN allocation.,YES_ADD_TO_TENDER_TOTALS,Possible overlap with first- and second-stage purchases.
E0,Crisis de convertibilidad / default / salida / reordenamiento financiero,2008_TO_2012,OTHER,agn_creditor_distribution_reports,STATE_BCRA,ANNUAL,PRIVATE_54.8PCT_ALL_DEBT_2008,PRIVATE_31.0PCT_ALL_DEBT_2012,2012-12,PUBLIC_56.5PCT_ALL_DEBT_2012,2012-12,48,48,AGN broad creditor-sector distribution,e0_agn_res_202_2009_act_41_2009_deuda;e0_agn_res_084_2015_act_158_2010_deuda,PRIMARY_AUDIT_AGGREGATE,AGN Res. 202/2009 and 84/2015,YES_ALL_DEBT_NOT_BODEN,AGN_REPORT_PAIR_BROAD_HOLDER_CONTROL,"The likely period/theme reports are recovered, but neither is a BODEN beneficial-holder register.",YES_PRIVATE_SECTOR_EQUALS_BANKS,The 2018 transparency page omits the identifiers of the reports actually sent.
E0,Crisis de convertibilidad / default / salida / reordenamiento financiero,2009_TO_2014_AUDIT_CONTROL,OTHER,custodian_holder_information_gap,STATE_BCRA,AUDIT,PUBLIC_AGENCY_HOLDINGS_NOT_DISAGGREGATED,AGN_REQUESTS_TO_CNV_CAJA_NO_POSITIVE_RESULT,2014-11-19,DMO_CRYL_CAJA_DISCLOSURE_RECOMMENDED_NOT_OBSERVED,N/D,N/D,N/D,primary external-audit finding on custody disclosure and exact public transparency schema,e0_agn_res_041_2016_deuda_custodian_gap;e0_agn_api_boden_request_2018_record;E0_FISCAL_CUSTODIAN_INFORMATION_GAPS_V131.csv,PRIMARY_AUDIT_AND_PRIMARY_API_SCHEMA,AGN Resolution 41/2016 and exact JSON node,YES_NONPRODUCTION_NOT_ZERO_PERIOD_NOT_2008_PUBLIC_RECORD_NOT_REPLY,STRUCTURAL_CUSTODY_DISCLOSURE_GAP_DOCUMENTED,The missing holder register is now tied to a documented institutional access barrier rather than treated as a mere search failure.,YES_CUSTODIAN_NONPRODUCTION_EQUALS_ZERO_OR_NO_RECORD,"Does not identify private holders, 2008 counterparties or settlement confirmations."
E0,Crisis de convertibilidad / default / salida / reordenamiento financiero,2008Q3,OTHER,public_boden_buyback_accounting_reduction,STATE_BCRA,QUARTERLY_ACCOUNTING,B2012_VNO17193000;B2013_VNO13148000,USD16.814M_RESIDUAL_REDUCTION,2008-09-30,N/A,N/A,N/A,N/A,official debt-flow reduction equals awarded residual principal,e0_argentina_deuda_publica_2008_q3;E0_FISCAL_BUYBACK_DEBT_ACCOUNTING_BRIDGE_2008_V131.csv,PRIMARY_EXACT_AGGREGATE_ACCOUNTING_MATCH,A.5.1 row Boden - Recompras; 0.5 and 0.625 residual factors,YES_AGGREGATE_NOT_PER_ROUND_SETTLEMENT,ACCOUNTED_AGGREGATE_DEBT_REDUCTION,The public BODEN awards were reflected exactly as an aggregate residual-principal reduction.,YES_AGAINST_NO_ACCOUNTING_REDUCTION,"Caja matching, individual transfers and BCRA payment remain open."
E0,Crisis de convertibilidad / default / salida / reordenamiento financiero,2008Q4,OTHER,public_debt_repurchase_accounting_scope,STATE_BCRA,QUARTERLY_ACCOUNTING,DICP_VNO_ARS15012.460651M_AT_2008Q3,DICP_VNO_ARS12263.982382M_AT_2008Q4,2008-12-31,VNO_REDUCTION_ARS2748.478269M_REPORT_ARS2748.50M_EFFECTIVE_ARS1415.50M_ACCOUNTING_ARS4723.53619M,2008-12-31,N/A,N/A,cross-source Discount en Pesos VNO/effective/accounting bridge,e0_argentina_deuda_publica_2008_q3;e0_argentina_deuda_publica_2008_q4;e0_argentina_recompras_decreto_1735_04_report;e0_argentina_sigade_2008_q3,PRIMARY_EXACT_CROSS_SOURCE_INSTRUMENT_ALLOCATION,A.12.2 row31; A.5.1 row29; PDF p2; SIGADE SALDOS,YES_VNO_EFFECTIVE_ACCOUNTING_NONADDITIVE_AND_SETTLEMENT_OPEN,ACCOUNTED_AGGREGATE_DISCOUNT_PESOS_REPURCHASE_INDIVIDUAL_SETTLEMENT_OPEN,The Q4 exchange-bond accounting reduction is allocated to Discount en Pesos under the reference-2006 excess-growth tranche.,YES_AGAINST_UNALLOCATED_Q4_EXCHANGE_BOND_AGGREGATE,"Individual dates, sellers, Caja matching and the BCRA/payment rail remain open; GDP Units remain excluded."
E0,Crisis de convertibilidad / default / salida / reordenamiento financiero,REFERENCE_2006_CALC_2007_REPURCHASE_2008,OTHER,gdp_units_excess_gdp_repurchase_scope,STATE,EVENT,N/A_NOTIONAL_SECURITIES,GDP_UNITS_EFFECTIVE_ARS1886.10M,CALENDAR_2008_EXACT_DATE_OPEN,TOTAL_WITH_DISCOUNT_ARS3301.60M,CALENDAR_2008_EXACT_DATE_OPEN,N/D,N/D,official reference-2006 repurchase scope plus contractual calculation/window/cancellation rules,e0_argentina_recompras_decreto_1735_04_report;e0_cgn_cuenta_inversion_2008_sdp;four_official_tender_results;e0_argentina_rc_212_24_2008_recompra;e0_bcra_com_b9322_cuentas_corrientes_2008;e0_agn_informe_segundo_trimestre_2009_act_48_0237_09;e0_agn_res_202_2009_act_41_2009_deuda;e0_cgn_cuenta_inversion_2008_sdp,PRIMARY_AWARDS_EXACT_PUBLIC_ROUTE_EXHAUSTION_AND_ARCHIVAL_KEYS,report p2;prospectus S-19/S-21/S-25/S-69;Q4 A.5.1 B63/A.5.4 B62,YES_NOTIONAL_NO_PRINCIPAL_REFERENCE_YEAR_NOT_TRADE_DATE,AWARDS_CLOSED_ACCOUNTS_NINE_ROWS_PUBLIC_ROUTES_EXHAUSTED_EXECUTED_SETTLEMENT_ZERO_CONFIRMED,"Public evidence closes ten awards and nine account candidates; no ONCP body, Caja transfer/report, BCRA credit or CRyL cancellation row is confirmed.",YES_AGAINST_GDP_EXCLUSION_MEANS_ZERO_OR_UNEXECUTED,AGN project and accounting keys sharpen requests; aggregate debt flows and annual fees are not transaction settlement evidence.
