gap_id,target_question,minimum_positive_evidence,minimum_negative_route_evidence,does_not_close,initial_status
CL127_SETTLEMENT_2008,¿Las cuatro rondas públicas 2008 entregaron títulos y fueron pagadas?,Constancia Caja de recepción efectiva más orden/asiento o conciliación de pago por ronda; puede ser CG3/CG7; formulario 4359; acuse TSA u otro registro equivalente debidamente vinculado; o expediente de excepción/incumplimiento.,Respuesta fundada por cada custodio que satisfaga NR122_01 a NR122_14 e informe búsqueda por códigos y campos de `E0_REQUEST_SEARCH_KEY_MATRIX_V127.csv`; sólo cierra esa ruta documental.,Fecha T+3; adjudicación; cuenta 0306/40000; existencia del diseño CG1-CG7 o formulario 4359; ausencia web; monto agregado anual; vencimiento de un plazo de guarda.,OPEN_REQUESTS_SYSTEM_KEYS_ADDED_NOT_SENT
CL127_STRIP_2009,¿El strip ARARGE03G415 fue entregado y pagado el 17–18/06/2009?,Constancia Caja y registro CG3/CG7; formulario 4359; acuse TSA o equivalente de pago/conciliación vinculados al ISIN y fechas; o expediente de fallo/reversa.,Respuesta fundada de Economía BCRA/CRyL y Caja que cubra identificadores; códigos CG1-CG7 y formularios aplicables; migraciones; copias y disposición conforme NR122_01 a NR122_14; no prueba que el hecho económico no ocurrió.,Resultado de licitación; fecha prevista; ahorro publicado; identidad de participantes; existencia de un esquema de archivo; búsqueda limitada a GDE.,OPEN_REQUESTS_SYSTEM_KEYS_ADDED_NOT_SENT
CL127_BNA_FIRST_STAGE,¿Qué operaciones ejecutó BNA entre 11 y 22/08/2008?,Blotter órdenes tickets o rendición que identifique por lo menos fecha especie nominal precio efectivo y estado de liquidación.,Inexistencia fundada que cubra sistema pre-GDE; expedientes; reproducciones y soportes; migraciones; regla histórica y acto concreto; sólo cierra la ruta BNA.,Mandato; total aproximado USD 380m; lista narrativa de especies; comunicado de prensa; mera habilitación para reproducir.,OPEN_REQUEST_SYSTEM_KEYS_READY_NOT_SENT
CL127_AGN_REPLY,¿Qué informes identificó la respuesta individual AGN del 11/09/2018?,Copia testada de respuesta/adjuntos o índice oficial que identifique número título actuación fecha y URL de cada informe.,Inexistencia fundada que cubra UUID; nid; vid; base/formulario Drupal; almacenamiento de adjuntos; gestor; correo; archivo; migraciones; respaldos y disposición.,Nodo JSON sin file relationship; texto genérico; suponer que nunca hubo respuesta offline.,OPEN_REQUEST_SYSTEM_KEYS_READY_NOT_SENT
CL127_CUSTODY_HOLDINGS,¿Existen registros o agregados custodiales compatibles con secreto?,Registro preexistente testado/agregado con fecha especie sector institucional y custodio; o actuación supervisora que identifique dónde obra.,Respuestas fundadas de CNV BCRA/CRyL y Economía que identifiquen sistemas históricos; alternativas agregadas; migraciones y disposición; la no producción no equivale a tenencias cero.,Derivación Caja→CNV; pedido AGN sin resultado; ausencia de padrón público; plazo actual de diez años.,OPEN_REQUESTS_SYSTEM_KEYS_READY_NOT_SENT
CL127_SECURITY_CODE,¿Cuál era el Código Caja/CRyL de cada una de las cinco especies objetivo?,"Cadena pública contemporánea que vincule ISIN, denominación y Código Caja propio de cada especie; corroboración institucional deseable para vigencia y capa CRyL.",N/A: el puente público se cerró; conservar búsqueda institucional sólo como corroboración y para los asientos.,"La identificación de especie no demuestra matching, recepción, pago ni baja de deuda.",PUBLIC_CROSSWALK_CLOSED_FIVE_CAJA_CODES_SETTLEMENT_STILL_OPEN_NOT_SENT
CL127_CAJA_ROUTE,¿Se ejecutaron y registraron las transferencias anunciadas hacia 306/40000 y se entregaron los informes T+3?,"Instrucciones/asientos con estado ejecutado y el informe T+3 entregado, conciliables por ronda, oferta, especie, cantidad y fecha.","Búsqueda por Comunicados 4857, 4861, 4873 y 5152, cuentas 306/40000 y 3, ventanas de recepción, fechas T+3, detalle efectuado/pendiente y expedientes ONCP asociados.","Las comunicaciones de Caja prueban la ruta y la instrucción general, pero no el matching individual, el asiento ni la entrega del informe.",DIRECT_TARGET_ROUTE_INSTRUCTIONS_PRESERVED_EXECUTION_RECORDS_OPEN_NOT_SENT
CL127_DEFERRED_MODALITY,"¿Qué revisión, formulario, archivo y estados operativos implementaron la modalidad diferida en 2008?","Revisión vigente en cada fecha objetivo y registros ejecutados que separen canal, modalidad, matching, recepción y liquidación; comunicación equivalente para la cuarta ronda de 2008.","Búsqueda reproducible por Comunicados 4857/4861/4873/5152 y OYM F.89023.00, SLIQ/SCG, registro maestro/control de cambios, cuenta 306/40000, modalidad diferida, matching, fechas y repositorios históricos/sucesores.","Las cuatro comunicaciones directas prueban instrucciones para tres rondas de 2008 y el strip 2009; no prueban ejecución, pago, revisión SLIQ exacta ni cobertura de la cuarta ronda 2008.",DIRECT_CAJA_TARGET_INSTRUCTIONS_THREE_2008_ROUNDS_AND_2009_PRESERVED_FOURTH_ROUND_REVISION_AND_EXECUTION_OPEN_NOT_SENT
CL127_DEBT_ACCOUNTING,¿Qué operaciones y asientos componen las reducciones por recompra de Deuda Pública 2008 y cómo se concilian con Caja/BCRA?,"Detalle preexistente por fecha/especie con VNO original, residual, contravalor, asiento, expediente y estado de conciliación o pago.","Búsqueda fundada en ONCP, Dirección de Administración de la Deuda, SIGADE/COMDOC, TGN y archivos sucesores por rótulos y montos exactos.","El puente VNO/efectivo/baja contable cierra la especie agregada, pero no la fecha ni contraparte de cada compra, el asiento Caja o el riel de pago.",Q3_BODEN_AND_Q4_DISCOUNT_PESOS_AGGREGATE_ACCOUNTING_RECONCILED_INDIVIDUAL_SETTLEMENT_OPEN_NOT_SENT
